X1,X2
-6.111197213022978,1.4715306174644063
-7.496653612430757,0.9134251049526045
-10.844898372319836,-7.553522726562745
-4.543377252143827,-2.1356861891597867
-1.9138205488086673,-0.034780433404022315
1.7713352168826768,0.6345082658656135
-9.751573566587453,-5.203026198176283
-11.510236350280888,-4.162843213812081
-7.726757948652349,-5.866565633916548
2.307660856403846,1.9019318439143007
3.359375386531026,0.09035209713890774
1.5082731991466407,0.12756972479453388
-8.55545130096433,-5.035368003422989
2.049309120001355,0.8126445622252649
-8.81718974886526,-4.579256336672506
0.538680592895787,-3.678825994280947
2.3870602620235806,1.1391820875703502
1.5339548245126966,-0.16597027641299067
-8.89314980317568,-5.32749594217125
-7.035285456338817,-4.634899727873358
-9.2909954481144,-6.110015326196258
2.0791426016517707,0.18155324191655453
-8.992939211551535,-4.799269444060296
-2.5492627864475077,-0.26067115985109957
-8.14569116664311,-7.001194954819966
-5.61621105872892,0.4500630724166197
2.542375985566152,-0.2138111688549208
-3.2341365176304167,-0.8533124516814432
1.8202576732248863,-0.09822955314850046
-8.82010859251805,-6.8453897716146255
-6.3785994887410995,-2.493572308931586
-9.464436766348976,-6.540657248342111
-6.505612014786588,-1.6002874087558592
2.7574314293622475,0.837286521123817
2.036624222695041,0.3131344530660925
2.262468362249873,0.7310583262902834
1.7558591527710221,-0.28257189300310825
-4.899063619905977,0.3340870406213615
1.7017630560770542,0.4545765386065996
-9.022694729242932,-4.365698259762823
-10.813602278826897,-5.049525330241017
-8.147798210219307,-4.878821277170505
-6.584816617254621,-3.028553543051202
-7.209475562874589,-1.016337159831339
2.149850945817303,1.1810212281597594
-8.094215850782051,-5.7749273933890635
1.4042426503239565,0.7000645707554314
-10.430850668212116,-6.234084368027341
-6.2082114242867155,-2.7407333142134958
-4.054196865126098,-5.3852082399879375
-1.473023470544181,-1.9395793998403983
-4.121295790422784,1.408127256385544
-8.405901057585934,-4.79557027150421
-9.956645364230686,-6.0521238864059725
-5.092831359408812,4.40224453710438
1.725121488426543,0.2975202411171365
-8.53616394179077,-5.625843913418277
-5.924505261480271,3.180307494838952
-3.459514793853285,-2.541837035999412
-8.388975915647622,-2.0471804990218776
-3.004122626190213,-1.3539969065483795
-10.076450036378095,-5.399924249770204
0.47942807599691406,4.473718958944843
2.6520255772800057,0.4881142020330847
-1.6505657364553556,0.7869293283028864
-4.29835387490436,0.23057213119419945
-8.981104302160377,-5.746658988105251
2.2746271548293793,0.9125780208857759
-6.86179765738239,-1.4954629889086455
-1.1708692597653547,2.2446048441012096
-4.667068392300867,-1.2789957788240425
-7.218951143101917,-0.9397664279109705
-4.987461751556065,0.6763332268552247
2.0974820765005373,-0.0366559721477101
-8.424578320056511,-5.322646635548799
-1.0179586554378117,1.5664430048219289
-2.0694199151030412,1.8857759590201453
1.298704806726279,1.3106614318747298
2.3149716591245886,0.8318557384006842
-4.286918081573231,0.24805728613251593
-8.803196779175222,-5.5862495687281415
-9.378284814261244,-3.665080577500815
-4.7848900785927375,-3.592747187337762
1.5747569704851156,0.7980437514718437
-8.731371979285626,-4.586968683907697
1.8018998715593408,0.2990979365481084
2.486993874792009,0.6255196356269872
-9.450179105860807,-5.925277488227979
-9.345123810940425,-3.5189244045479344
-9.45849879382565,-4.522199595775289
2.436047781794709,-0.7275387919918082
-9.289444629061617,2.7827155416187916
1.991097563668315,0.44121788830360265
2.101438517713769,1.257173364258586
-7.484379122135578,0.19274616520684046
-8.861097694319923,1.1407965624180083
2.363314747261351,0.4466500842425419
-1.6459999862310437,1.432500345239362
-3.2154542653572573,-1.011970605770913
-9.93761365122951,-3.868097995638365
1.9426818812663311,0.6342843658660863
-6.867092087363954,-5.766832601085387
-10.090810773757482,-5.469534833878375
-3.4677399942086167,1.2927435301793502
-9.808596178487953,-6.943026214643361
1.3282178537352276,0.22660114536971188
-1.646080524555356,5.911956565890883
1.8239982265694799,0.20833105803997354
-8.90198359102881,-6.451543989959995
-5.123823184045362,-2.322967624637589
1.3785930602831686,0.5732818811488612
-10.556140857034778,-5.978412343997302
-8.971840276974303,-6.042117234130715
-9.255680682222607,-6.744031624077561
1.799493835785817,1.4278462879790828
-0.16838697620159948,-2.64270095885442
1.7736657297002612,0.4412031774377554
-4.365416516797407,4.791445385786103
-3.3868716464465045,0.35757530874479454
-9.985752104328673,-3.9811037463443704
1.8454353600737692,0.4958093590703672
-6.032760308027907,4.641323727393981
2.0803438931402654,1.0993205134357038
-7.613221858608172,-5.590643549105038
-3.305412136246599,-3.025869872752141
2.3136507305912586,0.6502279633545048
-5.0954140090241005,5.031245460551076
-3.710554757549584,-2.841011503147257
2.5672607336291557,0.23160769997503577
-10.487752605055928,-4.923099426617135
-9.625016349341692,-6.742680554790467
2.0419618356705214,-0.503676142760972
-8.54606245765481,-8.34464530814272
1.6809205728807692,0.9192880354146391
-1.032683323071434,0.6442387539940666
-4.727333779995535,1.9167771005696115
-8.403877187562147,-4.554457631282436
2.1709679594885687,0.34989835798743785
1.5269239582361909,0.7927242696659633
-6.857610002181712,-0.297757532874725
-5.243540600042295,2.900285538527609
-3.8126530058104624,3.102738608758326
-6.536731226820831,-1.705702612904816
1.915706578721348,1.3718407634053196
-2.735175026483132,-2.5711453413359897
-8.571757617701858,-4.103543944414995
2.1509745113204493,-0.28258938724917304
-3.4659024969097554,0.8184164728004567
-9.473395756144962,-6.612091416470406
1.578837928679462,0.2456338271099251
-3.5620953542067966,-4.553300319916287
-2.1726460885867063,-2.55612762187226
2.2047622388811896,0.06675488623439346
-9.133838672648842,-5.149702781458045
2.705996054281523,0.24963655815244973
2.2942493248670517,0.22226207036918622
-8.71693851742024,-5.101671999912375
2.304380226675731,0.07510716194832129
-8.384762171606821,-5.7002863816486835
2.6339144474711214,0.1479787646970786
2.2581634716858425,0.3438311282981537
1.7317076727374197,-0.23051813367043106
1.620763422919558,-0.13588435903874763
1.7698840499995026,0.5808842000352856
-10.766958688823408,-4.060868426839297
-8.50973656307954,-5.548222006105012
-0.7980962968741991,2.247261441219058
-9.27536209351574,-7.8316765321512065
-8.54813623121769,-4.800537216263536
-6.390838964727156,1.252254862292447
-9.887227995840515,-3.703889852355595
-7.312582935662958,-3.9865599566096313
-2.708878037812931,-2.4423761949960037
2.1227218643824246,0.8671225251288625
-2.283782726424607,-0.33834904440185465
1.872733788760374,0.36125409638113987
-8.45610839900977,-5.294892914233639
-3.294130958369214,1.1536385521939385
-5.687559703019757,-1.324512388315596
-5.57143029522716,0.27934647995424877
-12.624331966999737,-1.7235446603276197
-9.350320280908551,-6.140991453546972
1.6663851031909345,0.6511751927570605
-2.5084602226595085,-1.7943462076230023
-8.081027891647487,0.8803094362941083
-7.799952645630286,0.22620747970246605
-7.848106211740861,-6.092517905858191
-8.55882653522681,2.3366721435086575
-0.3093151675354662,1.5583712874420363
-0.8319447833993596,-2.0655022656689606
2.219195349270026,0.19554934216765402
-3.415322067222838,0.5625602252328309
-8.174171264494687,-5.086174567239867
-1.3790300084197749,3.4401861841431893
1.9859491468932753,0.14412379308495926
-8.33696091798213,-5.960435661368358
1.6899013306341744,-0.2252972894836408
-4.936206841258063,1.1743059547232766
-10.411636802323883,-6.0523663812638535
1.6761974748425075,0.3812147268183908
-8.025949594181359,-4.108448035658976
1.8672077351233627,-0.00560038280613151
-10.858410920290346,0.37948659071645485
-8.393513147133813,-6.099627276197775
-7.934291205622124,-5.192398923088441
1.5534617874396968,1.2190841991100418
-6.662245589570108,1.2576968188016306
-8.593432405110972,-5.48060950200365
-10.857146706956284,-5.995256860547631
-2.6042527277690133,1.7824027414345769
2.5211920859491,0.5171671480481802
1.6117605462396996,0.788573870454689
-7.2480818772605575,-1.7382548681185936
-9.34305076183287,-5.253490231013391
2.059958950612978,1.0896914998401286
-5.9004472415926745,1.6825998146214014
-5.4707175667564165,3.813299110788021
-7.246293136908621,0.44711173692012435
-7.7419331359993375,-4.784260933402039
-6.490138824810985,-4.564600563941963
1.8065154495697726,0.7131091984690998
1.882667384838746,0.14026302875127422
-8.920839468293453,-6.96628503316195
2.0267988963057504,0.4522863024536967
1.5770422152528065,0.7734904139993467
-0.5258645161879043,-0.29088861399513766
1.8575199908550717,0.4278549553116662
-8.771117287117898,-4.838488693037811
1.8127206701322895,0.71188670847088
1.8360058392873415,-0.9209357140157497
-6.740964902353875,-2.8867907873179535
-3.3153370617864297,3.644498195795097
0.9718480568791393,0.08965372604572913
-4.754827262598403,-1.850811306879506
-1.1790020588791061,0.0006484192696790958
-3.4807859943948984,-3.3055430875892036
-9.193999478625528,-6.621157643158247
-8.191100768858927,-5.859890147275826
2.020806672956868,0.5106977570892208
-5.536170643445209,2.6071454234448677
2.066251109993246,0.8390364594923971
-2.1297568841650056,1.0079316864238383
-3.0548469735414208,-2.355830672741831
-9.653622252550889,-6.12507245933224
-9.194194368955792,-5.892271967158594
2.68394576471224,1.2059203530288172
1.8307054746781477,0.43323453147195473
-9.995683685925169,-5.955733233909549
-3.877554442542645,3.654709197291977
1.791851562878982,0.5083321371751295
-9.797554558835348,-6.607845086101971
-10.262683900950098,-7.199285459698817
-8.53447433861933,-4.7674142763197205
-9.199884809597831,-6.288214107139804
-8.749329496606185,-6.663393459988496
-9.65768679736458,-7.543348337965549
-7.939069917346723,-6.266649488049494
-3.960081656135758,-0.40940236606074704
1.412738888378609,-0.21656737745295007
-6.380553690047104,-1.1445770659772079
-8.030265072125125,-5.4939597434032805
-3.0495220660935027,-0.6668005088369904
-8.058082057572692,-6.965879993849869
2.12894209715198,1.1016521072089838
-7.8159565082742315,-5.802258321966313
1.628217303262878,0.286511086889121
-8.99925240369297,-7.200670249907681
-6.8859469864293334,-5.724297730206517
-1.5857786123765005,1.2497907778253183
-3.087318786972248,-3.027987360376803
-9.39436219382244,-5.774365183185528
1.6241800694352513,0.8498898102204402
-9.87697819948031,-6.82851017232148
2.117558985425586,0.37915842441817893
2.5709609465294196,0.8239490869020523
-6.5689730034797345,-1.718613975131418
-3.83305967386377,-0.45904882379771816
-10.211712537312033,-5.195108098951394
-7.382089652134171,-5.6341066459526505
-8.167810552916174,-1.5983366156199934
-10.496280625556157,-6.49184706916961
-9.05804783969191,-5.9063340068389465
-7.585679662869475,-5.341311626305162
-3.2479093846106393,4.776147451960097
-4.55050169366686,0.6781148132587967
1.1179783753934476,0.33049638137636317
-6.007693717344846,-1.9348042759635975
-2.6068693779676315,0.3609723561059543
-8.026884351057705,-6.423856676604752
-7.693198774684038,-5.162044072814131
-4.374226621725216,-6.5869460616350795
-8.132388849295547,-5.593188626083723
2.7430711739160705,0.9721158242516708
-4.794792811626649,2.890859312474132
-4.020789443429749,-0.9303980149464799
-9.739415720160318,-5.2881401123853085
-7.850598014653881,-4.760164223966643
-6.786995464518969,0.09101142866620246
1.9491617055948558,0.772250138615292
-7.98777609736733,-3.869927365165002
1.3004087263740884,1.0491165339125539
-4.30236558277276,0.6444235484339002
1.6683320532261328,0.5188767623452727
-7.357451419705556,2.3326365117188224
-5.788323048164095,0.4759877395229931
-8.77706655678413,-4.573753794156704
-7.521521223373708,-6.0459404674693245
2.4798066810927373,0.9842625424990323
-10.30126088987147,-6.061182213680846
1.9260683920835304,-0.15801660887181346
-0.8578565684603419,-3.4086512173668737
3.024210390055539,-0.6885647282543852
-7.933560639749527,-6.362795997228529
-4.9722951902813,2.9889294794685863
1.7603817262896075,0.236420626573266
1.7832490433774448,0.28936320566204443
-8.963914682963047,-4.51461285662368
1.9748952004847113,0.026285282715560687
1.970798548310025,0.08753173580491058
1.8863100848889374,0.14030606419226965
-9.341532359082345,-5.499568305036008
-2.516858492685862,2.6226812212010153
2.41578498963102,-0.05066792289486455
-8.07730993972626,-7.065925200396149
1.2536219083615003,0.22738350977431154
1.5284180948957569,1.2603651676028118
-7.740962558240732,-6.564113889229792
1.5697116110604612,-0.5131432360026638
-9.705823161071548,-4.815518558747405
-8.246724503364511,-5.4804025683811615
1.2575949105501603,0.8891144144492478
-1.5026330552791793,0.26504967689080783
-9.48565386974113,-4.976565533174147
1.535230098127041,0.031670955115505495
-9.1420786772171,-4.971732123831776
2.2839975597939937,0.5314451267400055
-4.742409536936552,-2.095480162196634
-3.484036172134516,-1.4136112106929604
1.2043546965547867,-1.0544868805143912
1.219691204829413,0.19556957731450747
-4.653305164156779,-2.2732680042890423
-8.80781993478841,-6.470345596567668
-9.04639429928886,-5.232851209869834
2.7883479379184988,0.2467254267328438
-9.558260265845536,-4.207130582572708
-8.415011160745433,-6.359745922210558
-7.315257853001239,-5.1115884486241665
-8.103443144987233,-6.073298166608395
-7.837322653920839,-5.029869889519854
-5.0324867720571484,2.8624696827714136
0.2561980373198951,-1.8627142909828767
-3.0894330856164998,-5.43849137482587
-1.5409920803856663,-3.588076417598989
1.5147173714645743,-0.03694742375993698
-4.5390723032907445,0.5809307843938321
-10.355886430271568,-6.205049631031504
1.8933462889765698,0.16994606544695962
2.5352446066035683,0.2181278450750273
-8.976483486008974,-4.206185074858049
-4.41007783648096,1.7045023059868942
-3.956555028657055,1.3975916561867405
-9.15760417922515,-5.1710616855782074
-9.191527953847023,-5.73763572159075
-7.66798467347796,-7.10824783666295
-6.96781158333282,-0.7835828480433815
-3.333032885332639,2.4508230126088457
1.4552220636781905,0.7978137771452043
-8.367659962618895,-3.6957102552680645
2.121858738702485,0.4613543500566486
-9.217604790322953,-5.46475932131316
-11.082786626074988,-6.760130230724132
-9.10080254290399,-5.267445212002776
1.8057232423624576,0.07370184334008933
1.547431557052385,0.5123193474839391
-2.9250492110225594,1.2926863165562512
1.3065838647970673,0.9771858548450458
-1.482653503156588,1.8022114200063442
1.6296079973860849,1.1783965147674347
2.098991161199382,-0.23133414098215688
-10.67417277649353,-5.043762239242748
1.5694468784738518,0.9099045233964189
-8.504406492236248,-6.690351639211203
1.9780595593912718,0.26174244570751604
1.9675874562775104,0.3467219463247272
2.4412695715694475,1.1888981152535578
1.3952488066015185,0.05944528408149474
-5.1827317902163585,-1.1092733001268869
-7.068138192771017,-7.042356049840691
-2.7826766272873784,-1.9485357847043105
-8.264461561503694,-4.698835716504532
-8.240016342310424,-5.49910683841357
-6.5162030594717955,-1.4273051359793507
2.3243323777094576,0.9141602894878174
-7.511483818043761,-6.000510457950853
-9.819555694936843,-4.055328515638177
1.2311420653298362,-0.39864839887659786
3.2327975718559916,0.7036445900260254
1.4040271278595151,0.33071639722195034
-8.209018450267568,-0.5360682227766822
-5.62158495428395,-0.7377525180900241
-8.440472333999097,-5.1870924447107365
-7.761705906038806,-5.3129394613834595
-8.337382468760007,-5.004819677571405
-8.180259759733943,-8.05058169170969
1.4453535939735593,0.20575785148460873
-9.290698181240941,-5.681725857637091
-7.937178175063769,-4.514453511692121
-10.054484140747036,-5.436392852475427
-9.474292765103964,-6.417347714732104
-9.86479963423711,-5.333179012810886
1.396552357415978,0.7969748973631642
-9.772313637070488,-5.692617801020432
-6.32752284160569,5.149533791055174
-4.321726904615511,-2.9444313056147426
1.3127436677805937,0.8604809529612154
-9.51338803871123,-5.5969509141012255
1.7001704276346357,0.5291130106469664
2.292535506375522,0.529853039787816
-7.700572055917663,-1.4298624606332386
-11.100398929672293,-6.3379794006784715
-10.027317465503888,-5.82024857496511
1.4141729224261153,1.0890620682736012
1.1810881264519721,-0.2755750727351032
-8.498138418445285,-5.440122131920553
1.8789226360755946,0.8814307208410426
1.571226864458316,1.3971386298969932
-7.541022794553885,-5.173554569015154
2.4877591476400696,0.10861014193119656
1.6917041515740858,0.8320975854624466
-5.519465220886806,1.6058851192721142
-7.227117962734633,1.4664423003770746
-5.191019201242817,-2.541834706332202
2.2518058868795334,0.9386487264564222
-7.56750975054706,-5.614287921286432
-0.5832293753710651,2.981932126245803
2.427917594849322,0.17958008208004944
-9.958776475873483,-6.649058808893305
-5.410287444137843,1.456834701743337
-10.285342576042249,-6.54228303001069
-7.528205939303132,-1.7876564666799852
1.4647568726438158,1.2621610745140588
-9.394722571896502,-4.394165458505486
-9.601982736458224,-4.615951405878353
-8.763983390679309,-4.455401436361495
0.8861250789977371,-0.8363458469525769
-5.090251606905735,2.7154577195647467
-8.289527958546584,-4.103330010976549
1.7273288428177838,0.5529454166885454
1.5938411778245274,1.018300589522486
1.9488441008630548,0.539541803189054
-8.284378831222423,2.3410187830980185
-8.946242066542576,-6.914582403136766
-8.556479108976138,-4.797960522807266
-8.581830426324716,-7.222561612908338
-4.081035085069596,2.7605262471482526
-1.9211695370443156,-0.30471496033087747
2.1481972134579777,0.798757762416427
-7.365650066949058,3.551769880049773
2.628520670254359,0.5458975393843758
1.7282970180499693,0.058111154133679455
1.8252408645308993,-0.21913891042520106
-4.719646592306536,-3.010085067478729
-8.564838863559988,-5.248277192382497
2.416628696990596,-0.15010078416501083
-8.811276009286505,-6.119318265801827
-3.6829043556861913,-2.5740013167058255
-3.7428143995092817,-1.4713460208323268
0.9283718555936527,0.5197117264328966
-5.553768516368452,-0.8356667036595938
1.683094109416269,0.6661672777841396
0.8685085338689531,-0.11459350161397197
2.074893063571442,0.7313559765497532
-6.8565236563198315,-1.2547978359734429
-8.546892921479683,-5.793836901416743
-8.8010411392451,-6.491280077545328
-1.376291119443322,-2.741991387169278
1.7813922276089438,1.3964414866588748
-3.9173545859768346,3.600629971152549
2.258939378437505,-0.11331243897744936
-3.4467796690778294,0.266210244417086
-5.182544936766774,3.909847268705768
-8.999443659040459,-5.145635658223759
-4.934836317781274,-0.2501776133971222
-9.026662433738153,-3.944630156067234
-7.645928943096143,-0.27559724945213526
2.5343555384820653,0.203542381119019
-10.740490577306723,-4.842183047056214
-8.917796503936676,-4.237337149627794
-9.567779852047678,-5.998867818009907
-4.7862792504715035,1.6282797654202885
-10.249234140291287,-5.912453826661354
-4.114812850212871,-0.6940481406108273
-8.177601403929728,-5.247909654632975
-9.281041955409194,-6.5977747631896175
-9.64588225102724,-6.27518734285796
2.0276954394003113,1.3054157442054029
2.0098305415825015,0.6537605179001799
-8.223415781922736,-5.769734414894044
1.689026364123898,1.2627880421879294
2.643607764817883,-0.21332507543324564
1.4472935598887353,-0.3746900378490775
-6.427739535020621,-5.178356755612015
-7.48878714617956,-6.379566119627492
-7.635549727929067,-6.307742222049331
-9.528058684769105,-4.391448095924026
1.7641028536717154,0.9978314486992144
-10.03012797783472,-5.140980735444632
-3.362641065637039,-2.21974932250324
-8.121022102232164,-4.300281980210252
1.869402822495156,0.5788519355157804
-8.038559660598759,-6.267220630337819
-1.6128765234969222,-3.375059287800622
-3.6861454280907537,-3.4921732269589563
-8.625776304657068,-4.358715868753495
-9.522247154799173,-3.7497944409789055
-5.3092721864966474,-3.3211778843413713
2.0673696545391786,-0.034133293039557366
1.1495934416842215,1.245551256314071
2.41665546287476,0.4008552647364642
-4.265726749422718,-2.4708858816927872
-8.188561662448762,-6.011656726161956
2.1628022296482716,-0.9762259225641192
1.3895754722508862,-0.1082194562820753
-1.626691134572655,-1.2937072019233828
-7.953404442452255,0.8181932397976254
-10.304459357960571,-4.317792831514646
-1.5573974742389902,0.8963042898278732
2.837948725456025,0.8983606278369238
1.615327488130716,0.8930832136310899
-6.732532903636833,-0.036396665004921835
1.6236678618384657,1.339568589791138
-4.175759180034705,6.098518962530992
1.5693401788585453,-0.6298115509374516
1.9119857585942845,0.42164772615058516
-10.597878380441326,-6.698331427780945
1.948141454394139,0.9348350586801639
-4.65150874341793,2.2734390237513176
1.9366275841552387,0.7155426954348074
1.4727640962802857,-2.592227891215133
2.018171294032101,0.6387560304247961
-8.748260247690569,-0.716798592770127
2.3651744302423015,0.8353621758587146
-0.7266722796787355,6.2339869339537035
-6.724498495358786,-6.255242854846359
-7.368880865153245,-4.278859525502531
1.3669189734512606,0.1134799387880216
-7.286775743305945,-5.177541613530739
-7.735257232171984,-5.74737512041708
-9.940503989183938,-4.959588810737746
1.8872267131110338,0.2506725542899457
1.7708247114736873,-0.6173729238271398
-3.9253115856392213,3.972926142336532
1.408983149590735,1.1415638505992596
1.871709639798799,0.7803556788500101
-9.292505554635648,-5.640008098269574
-8.349318523896077,-5.440823175136536
-6.968449032238638,-2.674944421930342
2.887084644257924,0.5267937062337059
-3.872473496111219,1.3619410186886327
-5.170067798894873,-1.4351077634110567
-9.709441830814573,-6.1320820508333584
-5.406813094771702,0.44444306559086016
-10.270169803322965,-5.199851197331443
-8.594740832473896,1.4382070540160137
-8.471446425811815,-6.8742509931518505
2.247918093220319,0.9800522430375475
2.4973840953229947,0.8916689011419039
2.8636015564559116,1.1498932151807197
-7.217635033236919,-1.3084661238226547
-11.005510040557546,-5.7644642909229935
1.9991322363448156,0.20502813653261454
-8.937611896425572,-5.005264304434753
1.733437320298665,0.9249846843240757
-4.645701082069091,1.7339247507574704
-5.686413239540762,3.5799887897182603
-9.538116342445141,-4.964853526094101
-8.49658400006566,-1.6868550649214216
-6.568056436874924,1.9472536348471534
2.4424352549386197,0.5161288024453176
-9.169582860404844,-3.9329983179347634
-7.96355597516439,-5.467007467972829
1.6532211876746734,1.160736073901921
-11.514735904714358,-6.694924415944886
-5.463610425117274,0.7436172814118223
-8.681065133347714,-6.190740656411945
1.7745031514429925,3.8716415261408184
-7.194363024303383,-4.141055552994865
-4.4353257824530425,2.705351216036851
2.1854434155502,0.5392313284137678
-8.199585552543295,-6.264026096047736
-8.586395659636443,-6.072631111427507
-4.123053407703372,-0.237066742360597
-5.0317681810492605,-2.2617211493325398
-9.352452566916515,-4.534787716179759
2.0251803397791943,0.33114295398472215
-8.349709119539925,-4.789083214938362
-3.9921008241537455,-0.10973756934680173
1.7921968039833243,0.9614132320606199
-3.9332160269604493,2.7382543133496613
-7.361718975550113,-4.788827351831398
1.6695358218153076,-0.3230193681178498
-5.298780912484472,-3.3242957734833234
-8.27559307085479,-5.852810600299909
2.288800305577473,-0.03694383633013443
-7.5017827708728575,-4.706107838756395
-1.4884209504645467,0.11090455778596889
1.1969762916988307,0.4549845442538565
1.1831795909309477,0.12422446232628398
2.9325256545885514,0.3153857915860777
1.5192988143823039,0.06442355569409369
1.451418322942261,0.5257595578551296
-7.654586486775075,-5.6841088711055
1.8827040290118284,0.498144302299229
-8.723477963934373,-5.924992843992597
0.7812046405499817,0.8353007413679729
-8.638334804565384,-6.099403699899242
2.6249108611494463,-0.49399530159223626
-4.624478534296976,-2.4010731272314447
-8.00931901096988,1.3086862757735314
2.306814540675393,-0.20909924725413598
2.2495691289301147,0.36460070495510805
-9.120592001466203,-3.4936621868234736
-8.771620737931796,-0.7713477661422586
-10.747569272150956,-5.125495693262102
1.2690165985166342,0.268522212851788
-7.0894353601926,0.6462746589176046
-11.216613939026761,-4.332577893260634
-8.160789489267287,-4.118942524264563
-6.160431792071151,-4.0737641411816785
-8.798567792794174,-7.148560015790689
-8.967813346010251,-5.500345311115798
1.4409034965412995,0.838750940490745
-9.42775712708854,-1.2809470717446136
-5.894126353298773,-0.44287283758240215
3.023519339238047,0.2690649463024556
-2.447659920501924,-5.532897549708297
2.17800843809979,-0.025614268217615366
-8.004031607818145,-4.536816037463108
-4.615058808242685,-0.4689008478580393
-2.488417104290635,-2.964594714253403
0.5327187218113696,0.1997246866294134
-3.394532959917555,-1.4090939189671765
-6.964732476754942,3.645100093820335
-4.2278886191861575,-2.523063201248358
-2.3245603341325545,-3.113284504099325
-7.604012672521698,-7.426685900202874
-6.496885058915895,3.113007040969056
-3.9383702746427756,-1.866862358791046
2.51419110361424,0.9344644911716276
-11.595696374481562,-4.795047445872521
2.7494912492901165,0.9553000422329931
-8.862962622586105,-6.2538976802915105
1.6897978517646126,0.23139558842788183
-3.6845330068157702,2.5179310175815424
-9.801308656352226,-6.306370764418759
-8.93967251951447,-5.38082450417419
-8.660574525724796,-0.8047310264423778
-4.99106129840894,1.2219657807643076
-10.681759211442376,-5.726276903682695
0.8737198087646683,0.6269178111586406
1.8096378588418873,-0.2574318159179534
2.0237016448304805,0.22120434670691608
-8.10285589330084,-5.551675513388911
-3.581808737969763,-2.992745451262974
-10.827785735245152,-4.422454848724888
2.515349931175315,0.556592283093563
-6.940291898365622,3.0769168466276127
-8.246304151482073,-6.371484281966716
-9.216994200824562,-4.597121773280035
-4.087911341060169,1.795146017289158
-8.833403144000359,-1.7176918316871437
-2.488057510910819,-4.959027971532461
-3.2958789618172846,1.0994252512800913
-4.378347490262012,0.8418451664347771
1.45482843595768,-0.2809982332564601
-9.837762560922485,3.9482431145268757
2.6880432582487037,0.16008693628549298
-7.755621644731592,-0.9381971428431428
-6.780198283687749,1.0369183603928942
-11.011521934876013,-5.337328561112657
-3.535495388618986,-2.0200018933978368
1.5027098279043167,0.24105282011984608
-7.271451102693317,4.628046170741873
2.013795153012395,0.369718133463786
1.3892243636726493,0.3659459704043839
-8.182351289163506,-5.285893286142305
1.5572309273122553,1.2205660975192605
-7.377092258173684,-6.490242301870133
-8.891437815725542,0.8673933090333884
-6.9217812731136625,-6.158921345018256
2.8923312499175045,0.7019647461097466
2.0184575059630365,0.584436127086065
-7.841578470641693,-6.332707923775932
-2.3716373505100714,-0.6772392527141049
2.5438211098882255,0.9718927136671754
-9.867959861748226,-4.7210118057293995
-10.510863333328441,-5.380456170986286
-8.475894829132267,-5.484486022812648
-4.929569774396114,0.46340737730636244
-9.55379524029269,-4.90051138604929
2.1140146409164506,1.4022157367935912
-4.179541134056604,1.478322840417484
2.1088855864581038,0.7522600284194402
-9.305707812853322,-5.053854029957825
1.9446291985001984,0.4057038074918263
-10.150257537339119,-4.165858225756326
-9.074131916444559,-5.337412052648107
-7.899883860564755,-6.232373811866647
-8.893007981885756,-4.15620815842724
-5.4013902706701575,-4.240266142616642
1.385546855204679,0.5499635929087618
-9.612929092265988,-5.917305856503313
-9.116477975871263,-1.3438454457793347
-3.487224299612131,-2.3853025967613446
-7.942822873002962,-5.772221110010349
1.897597586318791,0.7173247647024741
-8.41592534441085,-4.070484863567165
1.8655016909232134,0.8774951807061919
-5.032812174041419,0.7604342568962419
-7.001443792356445,-1.2003880557370683
-5.066868992848695,1.3786342845855692
2.294731971796632,0.4331056444390482
-2.640675189258044,4.386165849124743
1.5411943775179002,0.8895941631105238
1.8661266372969973,0.5554793684001736
-9.582073371322199,-6.079460047487451
-9.421272508817154,-4.631386022669913
-8.465647835381686,-4.926353273932069
-2.9579596915092754,0.8430502523614394
-7.626309971191282,-3.0340584252067715
1.8744235295558838,0.20856105129221975
-9.966305558929717,-5.898777171449115
-2.516557859028158,1.082635968751542
-9.563248313842774,-4.271287239546434
-1.0302700514289924,-0.7459312834627273
-8.546496075553884,-3.8866863146758517
1.0765226625880175,1.0524002622469124
2.379938357082263,0.5597260498041872
-9.413126806231444,-4.703828782830468
2.2816780474470075,0.24156925968179777
-8.058936447276375,-5.564225191451341
1.1970981847483173,0.9486150120183878
-7.4168093830756625,7.0173337185128055
-4.582928116159648,-1.6748197336710011
1.9801834307193937,-0.2917115279637492
-6.344600503716573,-1.7020540192141254
1.3187287098297065,0.14242039729992156
-9.641833691293668,-6.625689978886216
-0.127880687837159,0.4143202728111897
-3.6945637345157785,-1.9035695403536226
-2.7710225717214225,-3.4609301947559636
-3.0722931634217487,-0.2288391447824359
-8.968669169488845,-5.709827112132518
1.961870477105675,1.1583462735451735
1.9470368113579821,-0.011962971573934111
2.2466227369310356,0.29743872216220557
1.8632654268389193,0.9270383189037644
2.7999081408797646,0.7466289234967873
1.5523330168363092,0.673945999493692
-10.921291504146735,-5.779921025555501
-7.0680713670145465,7.181733211046288
-4.962315528289679,-0.5501637976312783
-9.745672782015566,-6.684091091125792
2.1221771161866645,0.25320353750511404
-0.03294465123342327,1.7275282344759202
-4.793223088177348,-4.9373510184201805
-8.800941005684903,0.4977507869472413
2.5951375679001263,0.7789939994049946
-6.560045501600933,0.16226448650699482
-9.056056315405312,-5.116164756845117
2.4187806570398642,0.4583127381418697
2.214660283678547,0.18858356006143873
-3.2880759861642077,-0.6101690620384898
-5.961006782357273,-0.919925521978787
2.90232335372262,0.9469181543340185
1.884552220802221,0.5570524708755226
-10.973854551624992,-4.433143913251301
-7.6720100499119885,-4.744017085583839
1.671235299221993,0.43152953382733616
2.90671395820317,0.5149774964987068
-9.858546010733594,-5.872784880889062
-5.124291010743867,1.9578101685803218
-5.9479199049928795,-1.8343666031541719
-7.094887195545709,-0.05423181692645049
-3.2478729313343564,0.4486329991084904
-9.470115000542457,-6.628823715954883
-6.5272974275783024,1.067003045115171
2.031540035903679,0.2955428869013258
-10.477654601472866,-5.468705250594639
-9.256010702753905,-5.956184597308535
-0.2385753215769597,-2.3991649408712363
2.4857211502252476,0.05612301345587439
-7.328657268136807,-4.400964369745739
-8.329426248163555,-3.3765303026930478
-7.282176765718416,-3.328989295657177
1.4008601117091826,0.004413669195211911
-4.696197737459277,-1.2702027131414926
-8.910099662978658,-4.431166890089699
-0.9833614528045027,2.065963278926953
-7.507748127732276,-5.0232808831818785
1.3239347187670016,0.47195343699935505
1.7527798121721927,0.621644629748384
-6.7254951879493765,3.1825357250250956
-5.829925208998478,-2.290834311817344
-6.603709826530243,0.5068341547737856
-4.779151797196943,-2.072225243674347
2.3448995872937317,0.9800897566858207
1.8993892368077838,-0.3958228863614657
-4.288385500027691,1.8053233191788431
-8.723244154564709,-4.7556114941698295
2.116770129286147,-0.35842099487648926
1.7354315833590659,0.4382793746047055
-2.4782698863445467,0.01584326264813138
2.443161111775593,0.5078541392019155
-0.6661380332214906,-3.119962399460967
-7.392175315302857,-6.038955087311854
-5.886972778805649,-2.696997123558067
-9.906092436518392,-5.087900355038639
-5.882586489965764,-0.08190655513774697
-6.25107204533649,2.2358701127543608
-7.322742114715661,-1.2893820424957263
-7.07422164548819,-0.0029242755437894064
1.190114115007777,-0.21191718706963703
2.7571873128405224,0.22636783624225604
2.525274600692252,0.3677365563614806
-4.178983613662601,-1.0223096394528322
1.797612075424858,0.7529932457449511
2.014792073252154,0.13943799254795247
-8.526895138096267,-3.7610477024841975
-0.49395117255222143,-4.18909271250409
-9.065471921511381,-6.056958784652267
1.787365040961133,0.7729712245030073
-5.244414669428192,-0.23020107075919166
-2.6140993442398903,-2.9998594770927554
-7.881754717295662,-6.313522165825298
0.9983666215193,-0.17730000062432483
1.937239439596931,0.8538090611642499
-5.518084973021448,1.8759047399598836
2.30826306731357,-0.4720212868128929
-10.156153873598667,-6.956891665485356
2.179902649034154,-0.03730810120309436
-7.671803749710315,-5.755573691553282
-9.04124976359916,-5.750364173389873
3.0917951173727323,-0.03313612289399237
1.6611473700675314,0.029151878847572976
-6.56599460472743,2.4358972357521926
-5.006269369949944,1.71231820262313
-5.803363138865414,-2.847321944370303
-9.11409219942429,-5.1128484586749465
-10.914623393503664,-6.45183110869539
-5.239792190310286,-3.2657492131278367
-3.027123087320761,0.30579763134737925
-8.36280966341979,-5.676997583219265
-4.451847938039254,-3.213045998824917
1.462106452525267,0.10442885957473302
1.2170692495846025,1.0313191059727855
-8.260799983426088,-4.0978725874177195
-4.612054474755187,0.8267265767005649
-8.574863564262778,-5.057894253852359
-8.493893223775688,-6.652329184382712
-8.414398803422342,-4.073733825930403
-8.626877609696812,-6.443753394556457
-3.012203793081418,3.256982129839936
-6.179508919861357,-4.655161572258422
-9.257562426461238,-6.09852671647519
1.826865509214407,0.6001179012522088
-4.392291447598282,-0.3753048377343604
-8.429515838955052,-7.749214516298581
-1.5200185018213714,2.9617786552077825
-9.29734446531157,-6.10748729695548
2.0370973445632607,0.8284353073976263
-9.988724152592619,-8.812245010992038
-11.013220293945626,-4.083084583119697
1.4065682997033226,0.48420286907941107
2.8342427493678626,0.5324072430150133
1.762998874049506,0.3796462264167186
2.380526271467496,0.1997013342932698
-2.6620553204741175,3.0135048328179668
1.6752798417777552,-0.4601527101585564
-8.934702575835312,-4.561768446596455
-5.282196406247573,-3.619238458566096
-9.55540848298266,-3.4865660788543815
-1.6503735201611542,-0.555773613777752
2.503626589004364,0.6982683127286635
-9.547867093421905,-4.935483004067219
-9.71758418970825,-5.580161817556675
-7.819545989378717,-2.8296540045693255
-6.863767682443802,0.4236013979120541
-9.377887810125408,-7.7607752928322835
-7.2219133195715255,-6.0908060815562735
-5.155537578494897,1.383279082885132
-2.1801978523322307,1.1117781978740928
2.0082656276795015,0.44905382563071106
2.357857905029575,0.6534740413813545
2.0909485379535577,1.001959387069857
-3.084521727301074,-0.8909854001159989
-8.680537062697201,-3.0784334476820603
-6.660520538565496,-3.8530824060436557
-6.198665600584401,3.2610257560200138
-8.59671597626308,-5.878370155861824
1.2796368723222655,0.015798922617200395
2.031982416881984,0.5613099011909563
-8.307239276014126,-4.085452907643257
-6.036204708165403,2.0413336687155605
-11.549334347051934,-3.0719956518820535
1.6582844325339545,1.2615542516274432
2.890438098541932,-0.6669688350893059
-5.291688256283545,-0.7318884452959512
-8.39572349180463,-6.5698449794963585
-8.899641996742073,-5.983046870413421
1.8256251849003635,1.212977154385523
2.1666130520442897,0.5278684749302895
1.4347593287221994,-0.28786146863430173
1.40579825798181,0.34566915495835093
-7.969269587596376,5.516633835420444
-5.475239158172446,4.560510548652397
1.8263404917030286,0.9914756442225837
-3.5669514288815587,-1.7980066505231063
1.7222831816913977,0.7448824855663233
-4.275288324818748,1.4967289367967094
-8.47224130253472,-5.15715878949013
-0.08963470751546332,4.4112414538803595
1.9991400739327165,-0.02257385958757252
-4.557485599377109,1.4437224023670756
1.6309596976354366,0.508473647336176
-4.51987984934707,-1.0264807406513574
-4.749597703590416,1.5870018520781448
-10.408840916896295,-5.84105771292328
-11.001750061198202,-5.5936376005785124
-9.6889262286379,-6.230276439852502
1.106815979118891,0.3074128560747392
-0.623571902149334,0.8811380513703493
0.026545065304805604,-3.0916182256808034
2.1604934268498845,-0.11423434487946127
-8.36240279850534,-6.32873113077528
1.7648790356812916,0.9159006260228756
-4.201512335333902,-2.5573910303358267
-9.080909987519156,-6.651663794484099
1.3812389278570931,0.8215612510588797
-0.43183727762386237,-1.7182479477989214
1.7970144576877476,0.6022695844351251
-8.707387577957807,-6.057452179025522
-9.114936708140046,-5.262219322391338
1.6380120851068498,-0.18419122272661126
-9.725989961094248,-6.526182443304647
-2.138575963112354,-2.848683215933145
-0.39688277387789217,-0.06658905708884572
-3.4993920429871244,5.5200334174111045
1.8547030192328822,0.21064980621420565
2.1723311255750337,1.6017934855093567
2.3163987512520725,0.5969928903089123
1.776778564187353,0.5814393574986179
1.605751421638532,-0.22183098699872217
2.631494124931568,0.22589448113665556
1.8823725968611493,0.23750143166510995
-8.699851802010699,-4.366109274104087
-6.96846002031054,-4.8596416631545125
-9.307371719440944,-4.764867166050291
-9.999526567377833,-4.483097302890031
-8.820503319337643,-5.971204525755202
1.5360306318268953,0.19493128279427907
1.5109288781438401,0.748522505490803
1.4206061373935435,0.8958132822010609
1.5011643240390051,0.08401599083249273
2.851626396886744,0.07132891332096986
-1.732504929504671,1.054773822133217
-9.512198437477108,-6.116890170607714
-2.9205747927586514,-4.458882388012162
1.248004559473321,-1.67365768016305
1.7646394401888386,0.14843347228437098
-10.434603097384962,-4.959452741266736
1.4877058022477867,-0.3316479082922328
-8.566376552055129,-3.987933978839669
-9.262537187576594,-5.072119255877643
-3.5247660829106646,-3.0109789515766567
-5.448305704596191,0.010790519245729255
-8.338261619060512,-6.784566858424688
2.0961856131322962,0.030355063010768013
-10.039355205399064,-5.399475097920185
-8.50263890665432,-4.608682696754421
-2.268054455247891,1.394131721766634
2.1294323052797037,-0.21543287976177816
-9.408674879194809,-5.706670925944412
2.55102736124591,0.7050504982799298
-8.573644921202266,0.2694624840043455
-9.31520873637355,-6.685445979482482
-13.283520572349031,-1.0561220803061404
-7.263970511117739,5.258889342327801
-8.13117097025383,1.3513319960588996
2.45985688967398,0.48309829796538817
-10.35876421797561,-5.186269009752711
2.7611148786006727,0.7085736018113263
-8.130436762907543,-6.569799089827351
-8.080540595864527,-6.708442533111306
-3.882397434760166,-1.6603958103961132
-1.3649594763951463,0.1444534082546212
2.0037326916553004,0.8754046433560287
-6.3709672613178325,-0.08147185714940469
1.8472209372954695,1.4967614069439383
-10.09150037184327,-8.123904470502884
-8.941986829361786,-5.020903807127506
2.2853633078836744,0.8104772978770671
-8.69782572949338,-5.38502460533821
2.058249574373021,0.13709267629018762
-5.1491289772011575,-5.018646353805014
2.5081111114665133,0.49632264654335406
1.867716550455121,0.5659645112104278
-9.869667348829923,-5.6371528087748946
-8.391596650437368,-5.541852484920653
2.840720312904661,-0.12254351983239653
-3.7286862222322807,-3.492588826131928
2.0220028563193204,1.6052741755631736
1.8213562603974942,1.0627132387062068
1.858492682070072,0.8651753880214268
-2.6696806620519604,1.667346432408308
-1.5263053900629684,4.971031694342694
-6.735170607785621,1.374728489559639
-9.444340943836563,-5.357890239122123
1.9160594744399035,0.5423393949436963
1.3277844762708377,0.17772456098322986
1.8975486796035241,0.2384860440399605
-8.970662252123258,-3.554526002584902
0.03277070506132329,-0.21877283483256016
-5.048177912975442,-4.1048082558656445
-1.7410376260180298,2.7815263236928405
1.7328874403239205,0.09279941524039403
-8.26497669882444,-0.6472485488079999
-4.336326368811576,-0.16249205814751283
-4.435021600100978,5.329948349649709
-9.850860042351858,-5.586032490265994
-10.72143172778081,-4.689778288484299
-7.108600929237314,-1.0546819723074028
-4.127686565561473,0.36054942345800317
-9.391198586667384,-6.976665785730745
-5.38523020185959,-3.4834552470246916
-8.064756718003302,-4.6095260240804725
-10.303937851823829,-3.774877489970949
-10.262518030324372,-1.7236250889757416
-8.112854657714468,-0.7628335249078787
-11.13977848562047,3.054322093300295
2.3926158766296846,0.486219973312462
-3.036635375077709,2.6212767836691264
-9.362718467411089,-5.436930999551609
-3.1743411180663554,-0.5270693125469293
-8.939546733282775,-4.709520650681
-8.107701520733363,-5.628744187975103
1.6592490450567898,1.490423355119614
-9.830604008503517,-6.363810908445996
-8.859004280101894,-5.6559362347378865
-3.176045497880206,1.4497971460823889
1.559683250814383,0.5553816799079058
2.322688460156547,-0.2651524922729681
1.841347348295236,-0.4866260553613989
-8.588925973066226,-4.496360072710914
-4.541054751623203,2.5357226371607835
1.842083493255996,-0.15816133181523584
-5.085379324282784,0.1652455776838426
-0.23594694875870026,-0.9770806033535722
-8.967632406831457,-5.118940256222421
-8.32328677650838,-5.9084790602362265
2.062807863642496,-0.05437162545466756
-6.957016518796102,-6.168294669202298
2.4409976373763316,0.9125426214917851
-9.647521934091229,-5.269310448426802
-7.151976649119726,-6.013683649809295
2.203841760606763,-1.0279903730526332
2.147226753321747,0.5090601185188078
-1.493730168056672,-0.04589596649258376
-9.40196134926296,-6.259828868449949
-5.593086168486361,-1.4459212222958215
1.631714369947392,0.48924022518568916
1.7068179699699157,-0.291543142989689
1.7548977425530206,0.31283592376084113
-1.6158702689221909,-0.8576903458073704
-3.181338210888268,0.971868099570493
2.0858742941540953,-0.2840873369235307
-6.5154455346716205,-5.3711329326967565
-5.064515776521113,-1.8344219842535134
-8.688766161347612,-5.717160864828306
1.94862162114185,0.35288485286353943
-8.756630089838131,-4.4432674043693785
-3.082783805030713,1.083070414536991
-4.741994272159662,-0.6473897614254815
-9.161177124808443,-5.303399279545378
-4.658343211586744,-0.18084109096679157
-8.760557674131482,-5.60819959368923
-2.606568622916374,-3.6094764207180203
1.7300421812440874,1.1646604069929682
-2.333298813191077,-0.5275854233571764
2.363854912063593,0.15812067762100918
-5.78059176154833,-1.8889346302678711
2.5760747577036955,0.6129487037921546
-9.456082726666587,-4.271228079322207
-4.796973695424915,0.011867958548731877
-2.092977260231212,0.6809512229410515
-7.481347532492731,-1.1935159541868454
-10.353153644077388,-6.618662170384914
1.513039171539717,0.7544108162197753
1.7453712640748846,0.4418277554676897
-2.1645973362875055,-3.4391680566751743
-10.365609161072875,-3.7935495387331066
2.2493505285710165,0.3569436868522582
-3.3570278862506653,0.518177384634495
-10.63747260350863,-3.8883182856717227
1.8813086135880066,-0.1408899030436307
-9.282386853122723,-5.244460287703559
2.0396535220044356,0.24438234574421686
-1.860593692810471,-2.033238723818338
1.9590829090345554,0.9839079756578408
2.18191976731021,1.4251594499556484
-2.3384536420160194,-0.3857858978148388
1.025686848932085,1.1209536806741203
2.2583800174756266,0.8713956982351362
-2.340051829093356,-2.2147811223897973
2.4621011638505754,-0.0538322607753019
-9.19103813486944,-4.112440509701503
-9.32124010838266,-4.3300960000751925
2.256008998550406,0.3921251661754056
1.5620578150039448,0.3862890874384723
1.1833650590723312,0.36133940261700204
-1.470536654946193,-0.6514229434814076
-11.05777622012085,-4.754306056893029
2.3049243319416943,0.5112414707904885
-11.967372131785805,-3.297098391413451
0.5103318091892548,-0.019335944537068994
-10.075139757441242,-5.166140659280098
-4.396083794675246,-0.9203058426556678
1.8826197150917923,0.3812616933021158
2.535693562699208,-0.09591304680926405
-9.664962792251835,-3.517326596932492
-2.3144308870257495,-1.3297493635283848
-10.681572900255562,-4.33209993971486
-3.1011031963537485,-1.6095082957070144
-7.417408599921213,-0.40625283185522476
-6.808790846707652,-4.620629561952247
-3.573816296402206,1.9820632163042156
2.4821521576574104,0.47194546136124294
-10.726444373937936,-5.145179614389152
-8.65588573346741,-4.696329894434855
1.3320222257549574,0.21110389791886136
1.0043241127568594,-0.84840195176872
1.6265427676300404,0.3265494950750666
0.9327918559207127,0.892863306679803
-8.539527060983598,-4.179547808307955
-7.970790797515643,-4.981230722901548
-9.013559699515337,-5.625264220501237
1.891968465642217,1.0506554587069523
-3.3105854619018382,-2.201075725184636
-9.412737280548077,-5.198149896659186
-9.19109472346715,-4.167130649499599
1.0888071907279937,0.3079598001368492
-7.575707587847322,-1.2479502323185043
1.283832754335131,1.412549299450562
-9.355505497264684,-5.626137592323685
-10.455310047594793,-5.5083888282672255
-7.325771780330898,-5.944625911348799
2.4420610966696072,0.6048749046190146
-7.403137026996489,-4.697283683548042
-7.810563736540232,-1.2514363632883552
-10.92292963405382,-4.215832410998027
-8.579696002666978,-7.377091963899568
-7.483972085133248,-4.997666633348237
-9.348180028930857,-5.904305992652762
-5.934663346549016,-4.2494649136652765
-5.554286744173541,-1.248064102651337
2.2513545589368382,0.1324242855012977
1.4200797124694433,0.695443126792261
-9.511533410050559,-3.744241820563215
-8.615512405876498,-5.176937573418215
-5.1297063614113005,-2.329691703573321
0.9399010421157461,-0.7258329521471907
-9.097713829009916,-6.4031776187877645
-6.1103174350860225,-0.513058023393905
1.883621815512372,0.42499169238413526
-9.744184136056218,-6.083270113291655
2.599837324015795,0.3669288182310559
-10.250682280099138,-4.868691878067882
-7.8141062541570765,-4.949899007962928
-5.052667471082179,-3.1548636461357367
-7.007275180867762,-4.137686320758313
-8.305725426267667,-5.050332426001561
1.2755071403420084,0.650086890638521
-6.050869382931422,3.6166803712898203
1.5840054185088708,1.2580511051601126
-7.316756669377688,-4.114941013824956
0.6004963483968728,0.11245470029828859
2.2113744691931627,0.6470300271928968
1.4710775018131401,0.8644689321858655
1.5813943196117977,0.40886723401558184
-6.720084020199909,0.6379320636690917
-5.149525224726933,-0.2925359425540536
-6.345291211956511,0.531375973138275
0.8915656193731472,0.5277969364043021
-8.352969968244734,-6.136615090272412
-5.214739791579518,-1.6771313522725881
-3.589419422997175,0.2679892871359666
-8.753188343022702,-5.112567890249545
-10.388321991151399,-5.962169896256585
-6.883126812505752,1.3768246989131996
-3.704374548092836,2.3710432460187554
-6.37461692775878,-0.48367363291287857
-3.8728473083500083,3.8168750780777483
-7.458683385030151,-4.801524159830924
1.727494259099243,-0.4933515470803903
-2.3744966151087357,-2.8530864828554936
0.298801146996837,-0.5024940607748846
1.9056969414184572,0.3774725451791108
-8.017941396306053,1.0188964351463203
-3.263437674516056,1.0632898370518338
2.4203552595801536,1.0027696047817647
-9.614597138339844,-4.918487163969653
-9.408707072752183,-5.371872542545626
-8.973095687681601,-4.478943994938256
2.4831835737868526,0.3957483540401711
-8.011283357810148,-5.5433394817992605
-8.04150698542552,-5.948699800360832
2.351952958064763,0.18207149163762254
-6.950195741558936,-1.868087528879211
-8.631857905479922,-4.705688330278303
-9.046791364880068,-6.316021071610078
-6.700727914307162,-0.9093715036364852
2.211957138462069,1.7398479087116159
-9.848801758690911,-4.48634770496306
2.6771970856512084,0.3404897635684463
1.6117686419873047,0.5950947925236941
1.934723793129776,0.328808815795649
-6.21517117588458,-1.2341930012147782
-8.29670947371428,-6.0638877792766905
2.050623691950464,1.156769869526635
-8.179033143208343,-7.070875970108343
-3.5472713817998036,-0.08857762608991687
2.3032398094000257,0.15191134780261967
-7.395455518978677,-6.697694394830196
-2.644465428127962,-0.453961994922353
-4.198824036799263,-2.7153735341189487
-9.451052989741973,-6.634013569562122
-8.768739149445773,-5.945912984088036
1.9795963741030207,0.4114554715474716
1.5177029987007498,0.9732286575812223
-9.571824405935475,-5.443755632005579
1.0842406201876864,0.3859252202093629
-4.867838609205131,1.549630632792251
-8.561400737723133,-6.044288586729508
-9.556751995009327,-5.169511810979945
-2.7314250111219196,1.562806054342614
-10.0116458107506,-5.207454120549573
1.6163401811360543,0.7162572107395625
-2.7392757621822135,1.9005319622292154
1.731485395580439,1.2209964513043392
1.5611513091650036,0.5770202014789322
1.3920913322885062,0.6747429248035938
-7.933763848504158,0.9014342078672993
2.2426102480848646,0.5335464873006481
-7.972645785428618,-6.74051632970758
-5.638667901349499,-0.2733604549384083
-8.71323921360473,-5.796294782233473
2.055995793878942,0.14195567842285434
-7.357077112050666,-4.414195175787988
-10.31190400166771,-5.161900801536533
-4.039874019071843,-2.0230927473341285
1.475515440926936,0.28055339043770344
-7.865611808294382,-0.14638429760861388
-9.067363764621442,-4.909175170379718
-4.238424862147195,1.1378693605507872
-4.933582919088273,1.5260077753432975
1.9460310545698747,0.1275095995640998
-9.354612986193356,-4.835358348067277
-9.913230301518855,-5.2340740238679935
2.0815678891503633,-0.6677604737969451
-5.970312269329342,-1.588784700169101
-6.07893155695681,1.8218410253489585
-7.369492334628852,-3.969892185073877
-2.0795085463418053,0.2674977040764434
-9.140521212368933,-5.074881075908982
-6.7085613406931515,3.5524350228905166
-8.055294029575876,-4.666673731160237
-7.496769904546038,-4.79577829835562
1.6739276583499056,0.11538494759085383
1.1710265688084918,0.3524466635484179
1.9289678163809119,1.0920471910040745
-5.072039590456596,-0.4918957552282417
-8.021506458197926,-6.16102213720574
-2.7601800351888315,-0.5977023221619828
-4.316852753347253,0.1482968411441355
-9.504834898224841,-8.090490544609413
2.4685008823317487,1.7852423016990122
-4.577129638114944,1.9366784289798793
-9.29645378676194,-4.134620236460003
-7.880348970945752,-6.93851400186863
-10.201080413693191,-6.525425252567019
-5.155492579794656,-3.23404884664019
-6.795810828676961,0.7986032462445247
-5.316299858477507,-0.7660575968051704
2.159107424513312,0.27651275549026444
-0.5163367706286683,-3.026989302722468
-3.8858466996337664,2.0616083489809
1.6349999706356364,0.8201022645471356
2.503125565868978,1.514701690116402
-9.213800434130228,-6.332982749082316
1.0153117271496614,-0.4755224626896152
-7.323691291379384,-4.890602793286129
-5.876724242524773,-1.4780730656699037
-8.21940092700339,-5.08488908622435
2.0603200594200657,0.39093381327842724
-8.345052488310932,-4.792873040976459
-9.0423106574178,-5.732263799873051
-10.33911817383079,-6.604440668884864
1.8383611881318418,0.4529746493942853
1.712991462986238,0.2846619451091969
-2.6626968082189464,-0.8441101747751842
1.4139147538075987,0.6142106776995748
-9.551956135955667,-5.411725191459648
-9.140738720198286,-6.542375119592004
1.5588719306462617,-0.1281508501996398
-10.198535240480414,-6.065784276793444
1.8609724412072448,0.8070225596528925
-4.730837294973119,5.648272912083155
2.114988517878878,-0.4384664599531549
2.151265367934932,0.9046033505081834
-2.843339779395082,0.8885566683116983
-7.115316365553044,-1.5525239668774677
2.0569618441201034,0.9945017719699378
-8.757387089360183,-5.356607165941065
-6.767719263388513,1.8159624098916403
-9.127823491672514,-4.748580759862645
-9.820510293057668,-3.585189894509818
0.5454081439631739,2.778528431713365
-3.6101581103321587,-2.546154226741038
-7.759078995358191,-5.679485594187776
-2.0310037655070086,-1.9294836391592196
-5.829300671253002,-0.5862205045287983
-4.964058750211125,-0.9961007712207273
-9.544538315668351,-6.249366720276562
-7.614981727355434,-6.588148000278866
-2.7789098344849714,1.3965445215735326
2.2665249629175026,1.1053541180254867
-3.4192573454734356,2.1416686476386677
-4.830384230569766,-1.744219156071812
-2.612871235620305,-0.4202611388344323
-5.328200453530471,0.5982734709601669
-5.0192695923545765,-2.4559892493482165
-8.859245793257752,-6.064276281155361
-7.186565249198615,-0.3352386014630548
-9.808290079878374,-3.93763375597187
-9.32361504933867,-5.395308905574364
2.1546771330071146,0.9714281228340935
1.8814453702597351,0.955550621243721
-0.09417349118084495,-0.40086036604139513
-8.728242566291888,-4.628572735118359
-7.332616719722522,2.4253804738197386
-10.794920445706785,-5.300676911033646
-8.001410399388948,-5.679473563168303
2.361535666756989,-0.19043268256709944
-8.978521561450426,-5.879767219522735
-7.693918803375313,-6.6961895076418045
1.2687262717594068,-0.2568422370155822
1.8907070221258124,0.4615031323835247
-10.214803693737844,-6.611396107611878
1.8787250645729323,0.5123594757033944
-6.044369713286294,0.8049410954421441
1.4368708185422998,0.01830960894152972
-9.575012602843794,-6.434044517891015
-9.571059163781895,-7.774756625737102
-1.5310272581101931,-1.2219512478480183
2.904356123695164,0.7874979832165392
1.9719270390257346,0.20488109657547537
-1.6124384395990123,2.270559972988333
1.6367071895196443,0.4569093632559762
2.183550589756679,-0.041691282291881016
-7.631815133341804,-5.157675135614439
1.9777122145867785,0.5159362913285245
-4.385582789376738,0.5536890659415055
2.9599170523958627,-0.18418451383514844
-8.621391943065268,-3.44924907754299
1.9471904659733112,0.6973646611346438
1.9111514979701063,0.2884054446725751
2.1946022783277206,0.7195118074480257
-8.417725796163744,-6.229585526125462
-7.556833620538484,-5.323416384848579
-9.186919761516775,-6.16623621107569
-8.59164045452141,-7.659349373516713
-1.7015219549824865,-2.399632894670268
-8.716544196673397,-6.232189791373223
-0.5008652751985085,1.2166768263877057
-8.294167101358564,0.8455948663972945
-7.368727063948766,-4.871292652965542
-8.33453195210993,-6.197112062659316
2.0193245282759182,0.5449754262396389
1.2451314560813083,0.5815969472624429
3.807760677073241,-0.6669742554256506
-4.408799569490119,-1.1431132377576396
-6.315162563572583,0.4748150724977246
-1.6431020027325132,-2.0537613535827095
-9.958592399389568,-6.008756301443765
1.6596546207884828,0.1789337550270323
2.3432768400478827,0.21264266532154297
2.4066530354876607,0.363105633484935
-4.3748530810659965,-1.8194683015862765
1.6689213707449624,0.004601756845552418
-1.7667357856001447,-1.5367367120851358
-8.4518103255008,-5.064127181046795
-1.9228601012420503,-1.7477327568756007
1.5052441232390996,0.2899975065580199
-9.671431658502366,-5.642545667069802
1.9717925738095234,0.6181094861980045
2.847134346432151,0.4631609672764181
-8.199973510715521,-5.887542543180799
2.11696808748014,0.4640582741653589
-10.413185716797935,-4.820458312228647
-2.8023411379142917,-1.7490487027439179
-5.8622541615864465,-0.017404472316667127
-0.9302876861267722,-1.7324566830531951
2.7353847774827056,0.3686464887828026
3.451687740074906,0.10762033193676762
1.742736783007076,0.5371268823616437
-8.562029820761158,-4.959069159894121
2.449268741282724,0.07800554083237349
1.6926955218160302,1.1636341753021218
2.158682879835659,1.4870716577792402
-4.541724587184946,0.05020405180293315
-7.6667421056427845,-5.30009759032315
-9.76362314877726,-3.906115022757656
-9.473501563788638,-5.121444528891234
1.907563001920243,0.4944106239858991
-3.1099752747947758,-0.46631813954070334
1.3061674167476502,0.6721072455108543
-9.2573608039274,-5.72654504777491
-0.5405727420662281,1.624716540850995
-3.066101886704491,-1.9023752955049453
2.509742177813011,0.7897082166955094
2.535451987641557,1.0185772511682942
-6.4261449029414255,-4.137881889929545
2.9257858472965634,0.7877110854972154
-9.880275090503648,-6.253621505024418
-8.665415498271631,-5.811252951389692
1.5018883346894674,0.6217182060072444
1.8550953737455411,0.09351074502752577
1.0199597451096225,1.058675339994064
-2.4362104265079143,2.8515557021239357
1.8681126392490162,0.1827422429368737
-5.126164173910766,4.122666494499662
-9.430007160925694,-2.0678353289244864
-2.5923154294579067,2.2402479998005083
-8.386443489212274,-4.327126501407266
2.043861149495253,0.2554024766237042
1.7242259189020153,0.3636276467171208
-8.767733411016618,-4.844528317784693
-7.318400254027321,-7.030334746236488
-2.5495694966073263,0.8078426650192371
-9.100447915346061,-6.985585374701667
-8.724316346978705,-6.379186454113568
-8.027044108387448,-6.416653549019713
0.8276527879315749,0.11798463945873106
-8.99933496611767,-5.154267793142711
-7.5435183720950425,-7.268347584191338
2.2470873607695485,1.1596229719932571
0.7624396083239411,1.1437237168297534
-10.499069211650799,-5.585608830789272
-1.6347749285747977,1.6034403890410216
-9.344817855778976,-7.181969170602655
-5.946072309653713,-2.1621658414964324
-7.315671669424534,2.9113534209197245
-7.990366325280352,-5.347131046114068
-3.305567685724084,-0.7875139188588492
-4.016052978056089,1.2713755265909528
-3.103838247141052,-1.067060753764091
-7.6950368139466505,-4.009005118515795
-9.192762811432317,0.6433136522413513
-10.672293626171406,0.373191369450106
-10.708692243552711,-4.426016015310635
-1.0813489952352433,-1.2445241495716584
1.6180648332269654,0.8039048665664199
-4.102825513416425,1.0931699998194606
2.909140376933461,1.1514760105592545
-7.4458062505688565,-4.927943711318327
1.3747366728247346,0.02966401947533831
1.5962583597027258,0.44325490243904486
1.8066358127842714,1.0301385999877244
-8.160561055177547,-4.75634546735464
-4.720225890303272,-0.645252326737709
1.540278890394621,-0.6837948815229218
-10.250599288435609,-6.1106453460489325
-9.06021228172921,-4.167501202128093
2.038176103262231,0.9495652214542372
-3.8713272681268203,1.4188280242241424
1.5815953356285506,0.009131368837675902
0.5923037354420746,0.08696259379415039
2.112576410781819,0.05672267199110986
1.7742722693519002,1.2020576771568503
-9.609525689436698,-5.66737909406462
-4.50556230759472,0.07317828620662331
-5.9012450435220805,3.6106735957293825
1.8544769337855858,1.3493666169300056
-10.08833318710566,-5.011799147923784
2.145991214356694,0.2353265336131396
-8.527192166934885,-6.726876241286414
-3.27143479162819,2.2437905436983923
1.6499034346636665,-0.20117786848777663
0.7923066076897392,0.6086888779496544
1.912263422371189,0.2532739913009123
